text,words,tokens,group,complexity,source,length_matched,original_text,original_words
patient patient patient patient No vomiting. No weight loss. No dyspnea. No chest pain. No chills. No focal deficits. No weakness. No trauma. No vision changes. No bleeding. Oxygen saturation 98%. Blood pressure 120/80. Temperature normal. Heart rate normal. Respiratory rate 16. HEENT normal. Abdominal exam normal. No focal deficits noted. Respiratory exam normal. Sensory exam intact. Extremities exam normal.,60,78,lengthcontrol_real_complex_simple,simple,real_mt_padded,True,patient patient patient patient,4
patient 03/11/2008 3rd ventricular patient subdural patient head No weight loss. No bleeding. No night sweats. No weakness. No vomiting. No syncope. No vision changes. No palpitations. No trauma. No focal deficits. Temperature normal. Blood pressure 120/80. Oxygen saturation 98%. Temperature 98.6F. Heart rate 72. Neurological exam normal. Abdominal exam normal. Extremities exam normal. Gait normal. Skin exam normal.,59,76,lengthcontrol_real_complex_simple,simple,real_mt_padded,True,patient 03/11/2008 3rd ventricular patient subdural patient head,8
41-year-old body eye body No confusion. No bleeding. No weakness. No chest pain. No night sweats. No palpitations. No nausea. No photophobia. No weight loss. No dyspnea. Blood pressure normal. Heart rate normal. Blood pressure 120/80. Respiratory rate 16. Temperature normal. Cardiovascular exam normal. No focal deficits noted. Respiratory exam normal. Reflexes 2+ symmetric. Gait normal. Skin exam normal.,59,76,lengthcontrol_real_complex_simple,simple,real_mt_padded,True,41-year-old body eye body,4
patient blood 120/63 No photophobia. No chest pain. No nausea. No dyspnea. No trauma. No weakness. No night sweats. No fever. No weight loss. No confusion. Oxygen saturation 98%. Temperature normal. Respiratory rate 16. Temperature 98.6F. Blood pressure 120/80. Reflexes 2+ symmetric. Respiratory exam normal. Cranial nerves intact. Vital signs stable. Sensory exam intact. Motor strength 5/5 throughout.,58,75,lengthcontrol_real_complex_simple,simple,real_mt_padded,True,patient blood 120/63,3
 No vision changes. No weight loss. No nausea. No syncope. No chills. No recent illness. No bleeding. No fever. No photophobia. No trauma. Blood pressure 120/80. Temperature 98.6F. Respiratory rate 16. Temperature normal. Oxygen saturation 98%. Respiratory exam normal. Motor strength 5/5 throughout. Cardiovascular exam normal. Skin exam normal. Cranial nerves intact. Extremities exam normal. HEENT normal.,57,74,lengthcontrol_real_complex_simple,simple,real_mt_padded,True,,0
abc boy propofol patient patient patient lateral patient No palpitations. No neck stiffness. No weakness. No recent illness. No vomiting. No focal deficits. No weight loss. No chills. No bleeding. No photophobia. Blood pressure 120/80. Blood pressure normal. Temperature 98.6F. Heart rate 72. Respiratory rate 16. Cranial nerves intact. Respiratory exam normal. Extremities exam normal. Neurological exam normal. Reflexes 2+ symmetric.,61,79,lengthcontrol_real_complex_simple,simple,real_mt_padded,True,abc boy propofol patient patient patient lateral patient,8
rhm 11/5/96 calf foot cbc tsh ft4 l-spine No chest pain. No photophobia. No recent illness. No fever. No dyspnea. No weakness. No vomiting. No focal deficits. No weight loss. No seizures. Respiratory rate 16. Blood pressure normal. Heart rate normal. Oxygen saturation 98%. Blood pressure 120/80. Vital signs stable. No focal deficits noted. Extremities exam normal. Respiratory exam normal.,60,78,lengthcontrol_real_complex_simple,simple,real_mt_padded,True,rhm 11/5/96 calf foot cbc tsh ft4 l-spine,8
cervical lumbar paraspinal musculature No weakness. No neck stiffness. No bleeding. No nausea. No photophobia. No chills. No vomiting. No palpitations. No confusion. No focal deficits. Blood pressure 120/80. Temperature 98.6F. Heart rate 72. Blood pressure normal. Heart rate normal. No focal deficits noted. Cardiovascular exam normal. Neurological exam normal. Reflexes 2+ symmetric. Vital signs stable. HEENT normal.,58,75,lengthcontrol_real_complex_simple,simple,real_mt_padded,True,cervical lumbar paraspinal musculature,4
 No trauma. No chest pain. No weight loss. No vision changes. No recent illness. No nausea. No weakness. No seizures. No syncope. No bleeding. Heart rate 72. Blood pressure normal. Blood pressure 120/80. Respiratory rate 16. Oxygen saturation 98%. No focal deficits noted. Extremities exam normal. Motor strength 5/5 throughout. Sensory exam intact. Neurological exam normal. Cranial nerves intact.,59,76,lengthcontrol_real_complex_simple,simple,real_mt_padded,True,,0
 No focal deficits. No weight loss. No fever. No recent illness. No chills. No neck stiffness. No vision changes. No trauma. No dyspnea. No syncope. Heart rate normal. Respiratory rate 16. Blood pressure normal. Blood pressure 120/80. Temperature normal. Gait normal. Cranial nerves intact. Neurological exam normal. No focal deficits noted. Extremities exam normal. Sensory exam intact.,57,74,lengthcontrol_real_complex_simple,simple,real_mt_padded,True,,0
patient anus colon mucosa rectum No weakness. No nausea. No recent illness. No night sweats. No vision changes. No bleeding. No chills. No focal deficits. No photophobia. No weight loss. Heart rate normal. Blood pressure 120/80. Blood pressure normal. Temperature normal. Heart rate 72. Skin exam normal. Cranial nerves intact. Respiratory exam normal. Lungs clear bilaterally. Extremities exam normal.,59,76,lengthcontrol_real_complex_simple,simple,real_mt_padded,True,patient anus colon mucosa rectum,5
bronchoscopy bronchoalveolar lavage 69-year-old bronchoscopy patient endotracheal tube bronchoscope patient No syncope. No dyspnea. No palpitations. No vomiting. No vision changes. No bleeding. No confusion. No seizures. No weakness. No photophobia. Temperature 98.6F. Blood pressure normal. Respiratory rate 16. Blood pressure 120/80. Oxygen saturation 98%. HEENT normal. Neurological exam normal. Lungs clear bilaterally. Skin exam normal. No focal deficits noted.,60,78,lengthcontrol_real_complex_simple,simple,real_mt_padded,True,bronchoscopy bronchoalveolar lavage 69-year-old bronchoscopy patient endotracheal tube bronchoscope patient,10
right bone marrow bone joint tendinous joint joint right No chest pain. No weakness. No photophobia. No fever. No vision changes. No seizures. No focal deficits. No bleeding. No confusion. No syncope. Heart rate normal. Temperature normal. Blood pressure normal. Blood pressure 120/80. Temperature 98.6F. Sensory exam intact. Abdominal exam normal. Extremities exam normal. Neurological exam normal. Lungs clear bilaterally.,60,78,lengthcontrol_real_complex_simple,simple,real_mt_padded,True,right bone marrow bone joint tendinous joint joint right,9
patient patient woman macular eye patient No focal deficits. No bleeding. No weakness. No seizures. No weight loss. No palpitations. No fever. No confusion. No night sweats. No dyspnea. Heart rate 72. Heart rate normal. Temperature 98.6F. Oxygen saturation 98%. Temperature normal. No focal deficits noted. Skin exam normal. Motor strength 5/5 throughout. Sensory exam intact. Gait normal. Lungs clear bilaterally.,61,79,lengthcontrol_real_complex_simple,simple,real_mt_padded,True,patient patient woman macular eye patient,6
 No trauma. No night sweats. No recent illness. No confusion. No neck stiffness. No chest pain. No dyspnea. No weakness. No focal deficits. No syncope. Blood pressure 120/80. Heart rate 72. Heart rate normal. Oxygen saturation 98%. Respiratory rate 16. Neurological exam normal. Cardiovascular exam normal. Gait normal. Reflexes 2+ symmetric. Vital signs stable. Lungs clear bilaterally.,57,74,lengthcontrol_real_complex_simple,simple,real_mt_padded,True,,0
biopsy 44-year-old man coffee-ground patient fentanyl 75 patient patient mouth No focal deficits. No bleeding. No dyspnea. No palpitations. No syncope. No confusion. No nausea. No seizures. No weakness. No photophobia. Heart rate 72. Blood pressure 120/80. Temperature normal. Blood pressure normal. Heart rate normal. Reflexes 2+ symmetric. Neurological exam normal. Abdominal exam normal. Cranial nerves intact. Lungs clear bilaterally.,60,78,lengthcontrol_real_complex_simple,simple,real_mt_padded,True,biopsy 44-year-old man coffee-ground patient fentanyl 75 patient patient mouth,10
patient midline scrotal tissue wound wound No palpitations. No seizures. No syncope. No recent illness. No night sweats. No vomiting. No dyspnea. No neck stiffness. No fever. No confusion. Heart rate normal. Blood pressure 120/80. Temperature 98.6F. Oxygen saturation 98%. Respiratory rate 16. Motor strength 5/5 throughout. Reflexes 2+ symmetric. Abdominal exam normal. Vital signs stable. Respiratory exam normal.,59,76,lengthcontrol_real_complex_simple,simple,real_mt_padded,True,patient midline scrotal tissue wound wound,6
ovarian ovarian patient abdomen abdomen ovarian patient No dyspnea. No fever. No trauma. No bleeding. No chills. No vomiting. No recent illness. No nausea. No weakness. No chest pain. Blood pressure normal. Blood pressure 120/80. Heart rate normal. Respiratory rate 16. Oxygen saturation 98%. Cardiovascular exam normal. Lungs clear bilaterally. Skin exam normal. Motor strength 5/5 throughout. Respiratory exam normal.,60,78,lengthcontrol_real_complex_simple,simple,real_mt_padded,True,ovarian ovarian patient abdomen abdomen ovarian patient,7
wound wound wound wound 1 layer staple epinephrine patient No focal deficits. No photophobia. No chest pain. No nausea. No dyspnea. No palpitations. No neck stiffness. No trauma. No bleeding. No seizures. Temperature normal. Blood pressure 120/80. Temperature 98.6F. Oxygen saturation 98%. Respiratory rate 16. Sensory exam intact. Skin exam normal. Gait normal. Reflexes 2+ symmetric. HEENT normal.,58,75,lengthcontrol_real_complex_simple,simple,real_mt_padded,True,wound wound wound wound 1 layer staple epinephrine patient,9
"syndrome.,2 No chills. No vomiting. No dyspnea. No trauma. No vision changes. No nausea. No photophobia. No recent illness. No weight loss. No confusion. Heart rate 72. Respiratory rate 16. Blood pressure 120/80. Temperature normal. Heart rate normal. Sensory exam intact. Skin exam normal. Motor strength 5/5 throughout. Neurological exam normal. HEENT normal. Abdominal exam normal. Extremities exam normal.",59,76,lengthcontrol_real_complex_simple,simple,real_mt_padded,True,"syndrome.,2",1
patient admission/chief patient patient patient eczema leg eczema patient patient No weight loss. No vision changes. No confusion. No nausea. No vomiting. No night sweats. No syncope. No seizures. No photophobia. No chest pain. Temperature 98.6F. Heart rate 72. Blood pressure 120/80. Heart rate normal. Temperature normal. Respiratory exam normal. Cardiovascular exam normal. Sensory exam intact. HEENT normal.,58,75,lengthcontrol_real_complex_simple,simple,real_mt_padded,True,patient admission/chief patient patient patient eczema leg eczema patient patient,10
 No nausea. No confusion. No seizures. No syncope. No focal deficits. No vision changes. No chills. No photophobia. No dyspnea. No palpitations. Blood pressure normal. Heart rate normal. Temperature normal. Temperature 98.6F. Heart rate 72. Cranial nerves intact. Neurological exam normal. Lungs clear bilaterally. No focal deficits noted. Reflexes 2+ symmetric. Abdominal exam normal. Sensory exam intact.,57,74,lengthcontrol_real_complex_simple,simple,real_mt_padded,True,,0
patient No neck stiffness. No fever. No chest pain. No focal deficits. No nausea. No weakness. No weight loss. No palpitations. No trauma. No photophobia. Blood pressure normal. Heart rate normal. Temperature 98.6F. Blood pressure 120/80. Oxygen saturation 98%. Sensory exam intact. Lungs clear bilaterally. Motor strength 5/5 throughout. Skin exam normal. Cranial nerves intact. HEENT normal.,57,74,lengthcontrol_real_complex_simple,simple,real_mt_padded,True,patient,1
"fiberoptic bronchoscopy lidocaine 2 phenergan p.o 1 procedure.,2 No photophobia. No fever. No syncope. No bleeding. No vision changes. No chills. No weight loss. No night sweats. No nausea. No trauma. Temperature normal. Blood pressure 120/80. Temperature 98.6F. Heart rate normal. Heart rate 72. Vital signs stable. Respiratory exam normal. Gait normal. Cranial nerves intact. No focal deficits noted.",59,76,lengthcontrol_real_complex_simple,simple,real_mt_padded,True,"fiberoptic bronchoscopy lidocaine 2 phenergan p.o 1 procedure.,2",8
patient blood penicillin blood abdomen extremities cell gram-stain patient patient No focal deficits. No recent illness. No confusion. No chest pain. No neck stiffness. No syncope. No weakness. No bleeding. No dyspnea. No photophobia. Blood pressure 120/80. Heart rate normal. Blood pressure normal. Temperature 98.6F. Temperature normal. Extremities exam normal. Neurological exam normal. Motor strength 5/5 throughout. Reflexes 2+ symmetric.,60,78,lengthcontrol_real_complex_simple,simple,real_mt_padded,True,patient blood penicillin blood abdomen extremities cell gram-stain patient patient,10
"spine paraspinal intervertebral tissue changes.,3 renal No dyspnea. No chills. No night sweats. No weakness. No vision changes. No fever. No neck stiffness. No seizures. No nausea. No confusion. Oxygen saturation 98%. Blood pressure normal. Heart rate normal. Respiratory rate 16. Heart rate 72. Sensory exam intact. Gait normal. Neurological exam normal. Abdominal exam normal. Motor strength 5/5 throughout.",59,76,lengthcontrol_real_complex_simple,simple,real_mt_padded,True,"spine paraspinal intervertebral tissue changes.,3 renal",6
eye No dyspnea. No vision changes. No weakness. No focal deficits. No nausea. No neck stiffness. No syncope. No bleeding. No night sweats. No confusion. Blood pressure 120/80. Temperature 98.6F. Heart rate normal. Heart rate 72. Oxygen saturation 98%. Extremities exam normal. No focal deficits noted. Cranial nerves intact. Respiratory exam normal. Gait normal. Cardiovascular exam normal.,57,74,lengthcontrol_real_complex_simple,simple,real_mt_padded,True,eye,1
patient oral scrotum prepped skin skin tylenol codeine semen No weakness. No nausea. No chills. No vomiting. No fever. No vision changes. No confusion. No dyspnea. No photophobia. No neck stiffness. Heart rate normal. Heart rate 72. Temperature normal. Blood pressure normal. Oxygen saturation 98%. Gait normal. Cranial nerves intact. Vital signs stable. Skin exam normal. Extremities exam normal.,59,76,lengthcontrol_real_complex_simple,simple,real_mt_padded,True,patient oral scrotum prepped skin skin tylenol codeine semen,9
rectal No weight loss. No syncope. No chills. No neck stiffness. No recent illness. No night sweats. No vomiting. No weakness. No seizures. No palpitations. Blood pressure normal. Temperature normal. Oxygen saturation 98%. Respiratory rate 16. Heart rate normal. No focal deficits noted. Abdominal exam normal. Lungs clear bilaterally. Skin exam normal. Motor strength 5/5 throughout. Reflexes 2+ symmetric.,59,76,lengthcontrol_real_complex_simple,simple,real_mt_padded,True,rectal,1
foreskin foreskin foreskin patient penis penile shaft raphe scrotum raphe No palpitations. No confusion. No bleeding. No weakness. No night sweats. No trauma. No vision changes. No weight loss. No neck stiffness. No seizures. Heart rate 72. Blood pressure normal. Oxygen saturation 98%. Blood pressure 120/80. Neurological exam normal. No focal deficits noted. Cardiovascular exam normal. Abdominal exam normal. Cranial nerves intact.,62,80,lengthcontrol_real_complex_simple,simple,real_mt_padded,True,foreskin foreskin foreskin patient penis penile shaft raphe scrotum raphe,10
patient granulation tissue border medial man ingrown nail No focal deficits. No weakness. No palpitations. No nausea. No weight loss. No photophobia. No seizures. No confusion. No trauma. No bleeding. Blood pressure 120/80. Respiratory rate 16. Oxygen saturation 98%. Temperature 98.6F. Heart rate 72. Skin exam normal. Neurological exam normal. Extremities exam normal. Respiratory exam normal. Vital signs stable.,59,76,lengthcontrol_real_complex_simple,simple,real_mt_padded,True,patient granulation tissue border medial man ingrown nail,8
abc boy propofol patient patient patient lateral patient No vision changes. No vomiting. No recent illness. No weakness. No focal deficits. No trauma. No seizures. No weight loss. No chest pain. No nausea. Temperature normal. Respiratory rate 16. Oxygen saturation 98%. Blood pressure 120/80. Blood pressure normal. Vital signs stable. Abdominal exam normal. Respiratory exam normal. Cardiovascular exam normal.,59,76,lengthcontrol_real_complex_simple,simple,real_mt_padded,True,abc boy propofol patient patient patient lateral patient,8
smooth-walled 13x12x7 surface wall papillary cyst wall No photophobia. No focal deficits. No palpitations. No vomiting. No chills. No neck stiffness. No weakness. No fever. No trauma. No syncope. Heart rate normal. Blood pressure normal. Oxygen saturation 98%. Respiratory rate 16. Blood pressure 120/80. Neurological exam normal. HEENT normal. Cranial nerves intact. Sensory exam intact. Motor strength 5/5 throughout.,59,76,lengthcontrol_real_complex_simple,simple,real_mt_padded,True,smooth-walled 13x12x7 surface wall papillary cyst wall,7
hand hand mouth patient oral mucosa torso patient No trauma. No focal deficits. No weight loss. No weakness. No chills. No bleeding. No recent illness. No seizures. No confusion. No vomiting. Heart rate normal. Heart rate 72. Blood pressure normal. Blood pressure 120/80. Temperature 98.6F. Neurological exam normal. Motor strength 5/5 throughout. HEENT normal. No focal deficits noted. Gait normal.,60,78,lengthcontrol_real_complex_simple,simple,real_mt_padded,True,hand hand mouth patient oral mucosa torso patient,8
rectal No photophobia. No trauma. No dyspnea. No seizures. No fever. No vision changes. No bleeding. No confusion. No weakness. No neck stiffness. Blood pressure normal. Heart rate normal. Blood pressure 120/80. Temperature 98.6F. Heart rate 72. Gait normal. Reflexes 2+ symmetric. HEENT normal. Neurological exam normal. Sensory exam intact. Extremities exam normal. Cardiovascular exam normal.,56,72,lengthcontrol_real_complex_simple,simple,real_mt_padded,True,rectal,1
beta muscle muscle right frontal head awake/alert/drowsy right frontal No fever. No chest pain. No photophobia. No vision changes. No confusion. No palpitations. No dyspnea. No focal deficits. No weight loss. No neck stiffness. Temperature 98.6F. Heart rate normal. Heart rate 72. Blood pressure 120/80. Respiratory rate 16. Vital signs stable. Abdominal exam normal. Respiratory exam normal. Lungs clear bilaterally.,60,78,lengthcontrol_real_complex_simple,simple,real_mt_padded,True,beta muscle muscle right frontal head awake/alert/drowsy right frontal,9
rectal bowel No bleeding. No fever. No vision changes. No chills. No dyspnea. No palpitations. No night sweats. No weight loss. No weakness. No trauma. Respiratory rate 16. Temperature 98.6F. Heart rate normal. Blood pressure 120/80. Blood pressure normal. Abdominal exam normal. Neurological exam normal. No focal deficits noted. Extremities exam normal. Skin exam normal. Reflexes 2+ symmetric.,58,75,lengthcontrol_real_complex_simple,simple,real_mt_padded,True,rectal bowel,2
"bladder tumor.,2 bladder carcinoma No syncope. No dyspnea. No vision changes. No confusion. No seizures. No chest pain. No weight loss. No focal deficits. No night sweats. No weakness. Heart rate 72. Blood pressure normal. Respiratory rate 16. Blood pressure 120/80. Heart rate normal. Sensory exam intact. HEENT normal. Cardiovascular exam normal. Motor strength 5/5 throughout. Abdominal exam normal.",59,76,lengthcontrol_real_complex_simple,simple,real_mt_padded,True,"bladder tumor.,2 bladder carcinoma",4
hair leg foot No vision changes. No vomiting. No nausea. No recent illness. No chills. No weakness. No weight loss. No seizures. No chest pain. No bleeding. Temperature 98.6F. Blood pressure normal. Respiratory rate 16. Temperature normal. Heart rate normal. Vital signs stable. Gait normal. Extremities exam normal. Sensory exam intact. Skin exam normal. Abdominal exam normal.,57,74,lengthcontrol_real_complex_simple,simple,real_mt_padded,True,hair leg foot,3
lidocaine ointment rectal vault perirectal inspection rectal rectum colon patient No fever. No nausea. No dyspnea. No chest pain. No confusion. No trauma. No neck stiffness. No chills. No vision changes. No weight loss. Blood pressure 120/80. Heart rate 72. Temperature normal. Heart rate normal. Temperature 98.6F. Extremities exam normal. Skin exam normal. Sensory exam intact. Vital signs stable.,59,76,lengthcontrol_real_complex_simple,simple,real_mt_padded,True,lidocaine ointment rectal vault perirectal inspection rectal rectum colon patient,10
nasal mucosa airway bronchoalveolar lavage saline bronchus bronchoscopy No recent illness. No weakness. No syncope. No chest pain. No focal deficits. No weight loss. No dyspnea. No fever. No chills. No nausea. Blood pressure normal. Respiratory rate 16. Temperature 98.6F. Temperature normal. Heart rate 72. Neurological exam normal. Vital signs stable. Gait normal. Cardiovascular exam normal. Cranial nerves intact.,59,76,lengthcontrol_real_complex_simple,simple,real_mt_padded,True,nasal mucosa airway bronchoalveolar lavage saline bronchus bronchoscopy,8
blood 102/72 patient No focal deficits. No dyspnea. No photophobia. No vomiting. No night sweats. No neck stiffness. No weakness. No chest pain. No weight loss. No recent illness. Oxygen saturation 98%. Blood pressure normal. Respiratory rate 16. Heart rate 72. Blood pressure 120/80. Cardiovascular exam normal. HEENT normal. Neurological exam normal. Cranial nerves intact. Lungs clear bilaterally.,58,75,lengthcontrol_real_complex_simple,simple,real_mt_padded,True,blood 102/72 patient,3
intrasellar sella turcica craniocaudal mediolateral No syncope. No nausea. No vision changes. No chest pain. No neck stiffness. No night sweats. No recent illness. No weakness. No dyspnea. No seizures. Temperature 98.6F. Heart rate normal. Temperature normal. Oxygen saturation 98%. Heart rate 72. Neurological exam normal. Respiratory exam normal. No focal deficits noted. Cardiovascular exam normal. HEENT normal.,58,75,lengthcontrol_real_complex_simple,simple,real_mt_padded,True,intrasellar sella turcica craniocaudal mediolateral,5
blood patient sheath dilator subcutaneous pocket wound blood No seizures. No trauma. No chest pain. No photophobia. No syncope. No dyspnea. No night sweats. No nausea. No chills. No fever. Heart rate 72. Temperature 98.6F. Respiratory rate 16. Blood pressure normal. Oxygen saturation 98%. No focal deficits noted. Skin exam normal. Sensory exam intact. Neurological exam normal. Cardiovascular exam normal.,60,78,lengthcontrol_real_complex_simple,simple,real_mt_padded,True,blood patient sheath dilator subcutaneous pocket wound blood,8
"bowel c-spine nerve moderate.,2 mild.,3 c8/t1 patient c-spine No vision changes. No nausea. No syncope. No photophobia. No chest pain. No neck stiffness. No palpitations. No dyspnea. No night sweats. No recent illness. Temperature 98.6F. Heart rate normal. Heart rate 72. Respiratory rate 16. Blood pressure 120/80. HEENT normal. Neurological exam normal. Motor strength 5/5 throughout. Cardiovascular exam normal.",59,76,lengthcontrol_real_complex_simple,simple,real_mt_padded,True,"bowel c-spine nerve moderate.,2 mild.,3 c8/t1 patient c-spine",8
biopsy 44-year-old man coffee-ground patient fentanyl 75 patient patient mouth No chills. No confusion. No neck stiffness. No vision changes. No weight loss. No photophobia. No night sweats. No weakness. No fever. No dyspnea. Respiratory rate 16. Blood pressure normal. Oxygen saturation 98%. Temperature 98.6F. Heart rate 72. Reflexes 2+ symmetric. Abdominal exam normal. Sensory exam intact. Motor strength 5/5 throughout.,61,79,lengthcontrol_real_complex_simple,simple,real_mt_padded,True,biopsy 44-year-old man coffee-ground patient fentanyl 75 patient patient mouth,10
 No nausea. No focal deficits. No confusion. No weakness. No photophobia. No vision changes. No chills. No chest pain. No palpitations. No seizures. Blood pressure 120/80. Heart rate normal. Temperature normal. Blood pressure normal. Oxygen saturation 98%. Reflexes 2+ symmetric. No focal deficits noted. Sensory exam intact. Abdominal exam normal. Lungs clear bilaterally. Respiratory exam normal. Skin exam normal.,59,76,lengthcontrol_real_complex_simple,simple,real_mt_padded,True,,0
hdr patient patient patient hdr geiger-muller patient No recent illness. No trauma. No seizures. No chills. No focal deficits. No weight loss. No vomiting. No dyspnea. No vision changes. No bleeding. Oxygen saturation 98%. Respiratory rate 16. Blood pressure 120/80. Blood pressure normal. Heart rate 72. Cranial nerves intact. Skin exam normal. Lungs clear bilaterally. No focal deficits noted. Respiratory exam normal.,62,80,lengthcontrol_real_complex_simple,simple,real_mt_padded,True,hdr patient patient patient hdr geiger-muller patient,7
kidney caliceal system bladder intravenous urogram No vision changes. No weakness. No recent illness. No photophobia. No chest pain. No bleeding. No nausea. No dyspnea. No confusion. No night sweats. Heart rate 72. Temperature 98.6F. Temperature normal. Respiratory rate 16. Blood pressure 120/80. Abdominal exam normal. Cranial nerves intact. Respiratory exam normal. Cardiovascular exam normal. Neurological exam normal.,58,75,lengthcontrol_real_complex_simple,simple,real_mt_padded,True,kidney caliceal system bladder intravenous urogram,6
"spine paraspinal intervertebral tissue changes.,3 renal No fever. No chills. No dyspnea. No palpitations. No weight loss. No focal deficits. No nausea. No confusion. No neck stiffness. No photophobia. Respiratory rate 16. Heart rate normal. Heart rate 72. Temperature normal. Oxygen saturation 98%. Cranial nerves intact. Abdominal exam normal. Lungs clear bilaterally. Vital signs stable. Neurological exam normal.",58,75,lengthcontrol_real_complex_simple,simple,real_mt_padded,True,"spine paraspinal intervertebral tissue changes.,3 renal",6
fetal cardiac fetal uterus adnexa amniotic fluid bpd No dyspnea. No focal deficits. No syncope. No weight loss. No bleeding. No chills. No confusion. No trauma. No recent illness. No weakness. Temperature normal. Oxygen saturation 98%. Blood pressure normal. Respiratory rate 16. Temperature 98.6F. Motor strength 5/5 throughout. Vital signs stable. Neurological exam normal. Skin exam normal. Cardiovascular exam normal.,60,78,lengthcontrol_real_complex_simple,simple,real_mt_padded,True,fetal cardiac fetal uterus adnexa amniotic fluid bpd,8
blood 102/72 patient No night sweats. No chest pain. No dyspnea. No neck stiffness. No fever. No bleeding. No trauma. No chills. No recent illness. No vomiting. Blood pressure normal. Oxygen saturation 98%. Temperature 98.6F. Blood pressure 120/80. Respiratory rate 16. Motor strength 5/5 throughout. Cranial nerves intact. No focal deficits noted. Lungs clear bilaterally. Abdominal exam normal. Sensory exam intact.,61,79,lengthcontrol_real_complex_simple,simple,real_mt_padded,True,blood 102/72 patient,3
patient patient patient visuospatial patient patient patient No recent illness. No vomiting. No weakness. No neck stiffness. No dyspnea. No confusion. No seizures. No syncope. No night sweats. No palpitations. Temperature 98.6F. Heart rate 72. Oxygen saturation 98%. Blood pressure normal. Respiratory rate 16. Motor strength 5/5 throughout. Vital signs stable. HEENT normal. No focal deficits noted. Cardiovascular exam normal.,60,78,lengthcontrol_real_complex_simple,simple,real_mt_padded,True,patient patient patient visuospatial patient patient patient,7
vehicular patient patient patient patient patient patient paresthesia No vision changes. No seizures. No focal deficits. No syncope. No weakness. No chills. No night sweats. No nausea. No confusion. No photophobia. Blood pressure normal. Heart rate 72. Respiratory rate 16. Oxygen saturation 98%. Temperature 98.6F. Sensory exam intact. Extremities exam normal. Motor strength 5/5 throughout. No focal deficits noted. Gait normal.,61,79,lengthcontrol_real_complex_simple,simple,real_mt_padded,True,vehicular patient patient patient patient patient patient paresthesia,8
lung lung No seizures. No neck stiffness. No chills. No recent illness. No trauma. No confusion. No syncope. No vision changes. No fever. No bleeding. Oxygen saturation 98%. Heart rate normal. Blood pressure normal. Blood pressure 120/80. Respiratory rate 16. Abdominal exam normal. Reflexes 2+ symmetric. No focal deficits noted. Sensory exam intact. Gait normal. Respiratory exam normal.,58,75,lengthcontrol_real_complex_simple,simple,real_mt_padded,True,lung lung,2
 No fever. No neck stiffness. No seizures. No confusion. No dyspnea. No nausea. No palpitations. No vision changes. No vomiting. No trauma. Heart rate 72. Temperature normal. Blood pressure 120/80. Respiratory rate 16. Temperature 98.6F. Skin exam normal. Cardiovascular exam normal. Lungs clear bilaterally. Gait normal. Respiratory exam normal. No focal deficits noted. Motor strength 5/5 throughout.,57,74,lengthcontrol_real_complex_simple,simple,real_mt_padded,True,,0
"bowel c-spine nerve moderate.,2 mild.,3 c8/t1 patient c-spine No recent illness. No seizures. No fever. No weakness. No bleeding. No night sweats. No confusion. No vision changes. No weight loss. No syncope. Heart rate normal. Temperature 98.6F. Heart rate 72. Respiratory rate 16. Temperature normal. Motor strength 5/5 throughout. Extremities exam normal. Reflexes 2+ symmetric. Gait normal. No focal deficits noted.",61,79,lengthcontrol_real_complex_simple,simple,real_mt_padded,True,"bowel c-spine nerve moderate.,2 mild.,3 c8/t1 patient c-spine",8
patient anus colon mucosa rectum No night sweats. No seizures. No bleeding. No weight loss. No recent illness. No neck stiffness. No weakness. No vomiting. No palpitations. No chest pain. Respiratory rate 16. Blood pressure normal. Heart rate normal. Temperature normal. Temperature 98.6F. Cranial nerves intact. Extremities exam normal. Motor strength 5/5 throughout. Gait normal. Abdominal exam normal.,58,75,lengthcontrol_real_complex_simple,simple,real_mt_padded,True,patient anus colon mucosa rectum,5
 No chills. No vomiting. No photophobia. No dyspnea. No focal deficits. No palpitations. No confusion. No seizures. No nausea. No weakness. Blood pressure 120/80. Temperature 98.6F. Blood pressure normal. Temperature normal. Heart rate normal. Lungs clear bilaterally. Cranial nerves intact. Reflexes 2+ symmetric. Abdominal exam normal. HEENT normal. Respiratory exam normal. Sensory exam intact. Gait normal.,56,72,lengthcontrol_real_complex_simple,simple,real_mt_padded,True,,0
lateral No photophobia. No night sweats. No weakness. No vomiting. No weight loss. No focal deficits. No trauma. No vision changes. No neck stiffness. No syncope. Respiratory rate 16. Blood pressure 120/80. Heart rate normal. Temperature normal. Temperature 98.6F. Gait normal. Cranial nerves intact. Neurological exam normal. Reflexes 2+ symmetric. Cardiovascular exam normal. Vital signs stable.,56,72,lengthcontrol_real_complex_simple,simple,real_mt_padded,True,lateral,1
phentermine phentermine blood bruits cardiac extra phentermine phentermine No photophobia. No confusion. No palpitations. No seizures. No focal deficits. No vision changes. No vomiting. No dyspnea. No weakness. No neck stiffness. Oxygen saturation 98%. Blood pressure normal. Blood pressure 120/80. Heart rate normal. Heart rate 72. Motor strength 5/5 throughout. Gait normal. HEENT normal. Vital signs stable. Cardiovascular exam normal.,60,78,lengthcontrol_real_complex_simple,simple,real_mt_padded,True,phentermine phentermine blood bruits cardiac extra phentermine phentermine,8
vehicular patient patient patient patient patient patient paresthesia No palpitations. No confusion. No fever. No dyspnea. No seizures. No nausea. No chest pain. No weakness. No trauma. No recent illness. Oxygen saturation 98%. Temperature normal. Heart rate normal. Blood pressure 120/80. Temperature 98.6F. Abdominal exam normal. Cranial nerves intact. Reflexes 2+ symmetric. Motor strength 5/5 throughout. Gait normal.,58,75,lengthcontrol_real_complex_simple,simple,real_mt_padded,True,vehicular patient patient patient patient patient patient paresthesia,8
abdominal abdomen suprapubic detrol initially i bowel gastrointestinal bladder bladder No seizures. No weakness. No focal deficits. No syncope. No night sweats. No vomiting. No dyspnea. No fever. No confusion. No nausea. Temperature normal. Blood pressure normal. Temperature 98.6F. Heart rate 72. Blood pressure 120/80. Gait normal. Extremities exam normal. No focal deficits noted. Abdominal exam normal. Sensory exam intact.,60,78,lengthcontrol_real_complex_simple,simple,real_mt_padded,True,abdominal abdomen suprapubic detrol initially i bowel gastrointestinal bladder bladder,10
patient patient patient sugar-free kool-aid sugar-free pudding patient patient patient No bleeding. No confusion. No dyspnea. No palpitations. No vision changes. No fever. No recent illness. No seizures. No syncope. No nausea. Temperature 98.6F. Respiratory rate 16. Temperature normal. Heart rate 72. Blood pressure 120/80. Abdominal exam normal. Skin exam normal. Respiratory exam normal. Cranial nerves intact. Lungs clear bilaterally.,60,78,lengthcontrol_real_complex_simple,simple,real_mt_padded,True,patient patient patient sugar-free kool-aid sugar-free pudding patient patient patient,10
patient ovarian tender abdomen ovarian ovarian cyst ureter No vision changes. No chills. No trauma. No night sweats. No chest pain. No seizures. No vomiting. No photophobia. No recent illness. No fever. Temperature normal. Temperature 98.6F. Heart rate 72. Respiratory rate 16. Heart rate normal. Gait normal. Neurological exam normal. Reflexes 2+ symmetric. Abdominal exam normal. Extremities exam normal.,59,76,lengthcontrol_real_complex_simple,simple,real_mt_padded,True,patient ovarian tender abdomen ovarian ovarian cyst ureter,8
anterior cruciate ligament alcohol patient peripheral tear No recent illness. No weight loss. No neck stiffness. No weakness. No seizures. No nausea. No photophobia. No chest pain. No chills. No confusion. Heart rate normal. Blood pressure normal. Oxygen saturation 98%. Respiratory rate 16. Heart rate 72. No focal deficits noted. Respiratory exam normal. Reflexes 2+ symmetric. Sensory exam intact. Neurological exam normal.,62,80,lengthcontrol_real_complex_simple,simple,real_mt_padded,True,anterior cruciate ligament alcohol patient peripheral tear,7
cervical lumbosacral thoracic spine cervical spine cervical spine soft tissue No focal deficits. No syncope. No recent illness. No chest pain. No nausea. No neck stiffness. No chills. No fever. No trauma. No night sweats. Respiratory rate 16. Oxygen saturation 98%. Heart rate normal. Heart rate 72. Extremities exam normal. HEENT normal. Motor strength 5/5 throughout. Cranial nerves intact.,59,76,lengthcontrol_real_complex_simple,simple,real_mt_padded,True,cervical lumbosacral thoracic spine cervical spine cervical spine soft tissue,10
patient midline scrotal tissue wound wound No vomiting. No bleeding. No seizures. No nausea. No syncope. No dyspnea. No trauma. No weight loss. No focal deficits. No night sweats. Heart rate normal. Respiratory rate 16. Oxygen saturation 98%. Blood pressure 120/80. Temperature normal. Reflexes 2+ symmetric. No focal deficits noted. Abdominal exam normal. Gait normal. Vital signs stable.,58,75,lengthcontrol_real_complex_simple,simple,real_mt_padded,True,patient midline scrotal tissue wound wound,6
patient 08/16/2004 08/16/2004 patient No dyspnea. No night sweats. No trauma. No bleeding. No nausea. No photophobia. No focal deficits. No confusion. No chest pain. No fever. Blood pressure 120/80. Temperature normal. Respiratory rate 16. Heart rate normal. Temperature 98.6F. Skin exam normal. Cardiovascular exam normal. No focal deficits noted. HEENT normal. Reflexes 2+ symmetric. Lungs clear bilaterally.,58,75,lengthcontrol_real_complex_simple,simple,real_mt_padded,True,patient 08/16/2004 08/16/2004 patient,4
blood clavicle implants patient joint allograft coracoacromial ligament wound wound No chest pain. No dyspnea. No syncope. No neck stiffness. No focal deficits. No fever. No vision changes. No palpitations. No night sweats. No nausea. Blood pressure normal. Blood pressure 120/80. Heart rate 72. Oxygen saturation 98%. Motor strength 5/5 throughout. Cardiovascular exam normal. Gait normal. Respiratory exam normal.,59,76,lengthcontrol_real_complex_simple,simple,real_mt_padded,True,blood clavicle implants patient joint allograft coracoacromial ligament wound wound,10
anterior cruciate ligament alcohol patient peripheral tear No trauma. No recent illness. No chills. No syncope. No palpitations. No night sweats. No bleeding. No vomiting. No dyspnea. No weight loss. Blood pressure normal. Heart rate 72. Temperature 98.6F. Heart rate normal. Blood pressure 120/80. Vital signs stable. No focal deficits noted. Reflexes 2+ symmetric. Skin exam normal. Sensory exam intact.,60,78,lengthcontrol_real_complex_simple,simple,real_mt_padded,True,anterior cruciate ligament alcohol patient peripheral tear,7
hand hand mouth patient oral mucosa torso patient No trauma. No weight loss. No bleeding. No nausea. No vomiting. No chills. No recent illness. No neck stiffness. No syncope. No vision changes. Blood pressure 120/80. Heart rate 72. Blood pressure normal. Temperature normal. Respiratory rate 16. Cranial nerves intact. Respiratory exam normal. Motor strength 5/5 throughout. HEENT normal. Vital signs stable.,61,79,lengthcontrol_real_complex_simple,simple,real_mt_padded,True,hand hand mouth patient oral mucosa torso patient,8
dilantin 300 dilantin dilantin dilantin abc No weakness. No focal deficits. No chills. No weight loss. No vision changes. No photophobia. No syncope. No dyspnea. No seizures. No confusion. Respiratory rate 16. Temperature 98.6F. Heart rate 72. Oxygen saturation 98%. Blood pressure normal. Skin exam normal. Abdominal exam normal. HEENT normal. Vital signs stable. Motor strength 5/5 throughout.,58,75,lengthcontrol_real_complex_simple,simple,real_mt_padded,True,dilantin 300 dilantin dilantin dilantin abc,6
patient patient alpha approximately1 7 No neck stiffness. No confusion. No palpitations. No seizures. No fever. No recent illness. No vision changes. No photophobia. No bleeding. No night sweats. Blood pressure normal. Temperature normal. Respiratory rate 16. Heart rate normal. Heart rate 72. Abdominal exam normal. Skin exam normal. Cardiovascular exam normal. Motor strength 5/5 throughout. Cranial nerves intact.,59,76,lengthcontrol_real_complex_simple,simple,real_mt_padded,True,patient patient alpha approximately1 7,5
vaginal patient vaginal oral uterus adnexa hemoglobin vaginal bladder vicodin No weight loss. No recent illness. No chills. No weakness. No syncope. No seizures. No trauma. No night sweats. No bleeding. No chest pain. Temperature 98.6F. Respiratory rate 16. Heart rate 72. Temperature normal. Blood pressure normal. Extremities exam normal. Reflexes 2+ symmetric. Neurological exam normal. Cranial nerves intact.,59,76,lengthcontrol_real_complex_simple,simple,real_mt_padded,True,vaginal patient vaginal oral uterus adnexa hemoglobin vaginal bladder vicodin,10
patient sore throat throat patient heart lungs muscle biceps No chest pain. No nausea. No photophobia. No bleeding. No fever. No weakness. No focal deficits. No vision changes. No chills. No recent illness. Blood pressure 120/80. Heart rate normal. Temperature normal. Heart rate 72. Oxygen saturation 98%. Cranial nerves intact. Respiratory exam normal. Extremities exam normal. Abdominal exam normal.,59,76,lengthcontrol_real_complex_simple,simple,real_mt_padded,True,patient sore throat throat patient heart lungs muscle biceps,9
right metatarsal lateral calcaneus bone soft tissue calcaneus calcaneus No trauma. No bleeding. No neck stiffness. No vomiting. No seizures. No syncope. No focal deficits. No chest pain. No chills. No palpitations. Heart rate normal. Heart rate 72. Oxygen saturation 98%. Temperature 98.6F. Blood pressure normal. Skin exam normal. Cranial nerves intact. Motor strength 5/5 throughout. Reflexes 2+ symmetric. Extremities exam normal.,62,80,lengthcontrol_real_complex_simple,simple,real_mt_padded,True,right metatarsal lateral calcaneus bone soft tissue calcaneus calcaneus,9
joint No chills. No night sweats. No chest pain. No focal deficits. No seizures. No weight loss. No fever. No dyspnea. No photophobia. No syncope. Blood pressure normal. Heart rate 72. Temperature 98.6F. Temperature normal. Respiratory rate 16. Vital signs stable. Sensory exam intact. Respiratory exam normal. Gait normal. Cardiovascular exam normal. Lungs clear bilaterally. Abdominal exam normal.,58,75,lengthcontrol_real_complex_simple,simple,real_mt_padded,True,joint,1
ovarian patient patient 1-1/2 blood sugar patient patient No photophobia. No neck stiffness. No palpitations. No chills. No weakness. No vomiting. No confusion. No syncope. No bleeding. No focal deficits. Respiratory rate 16. Temperature normal. Oxygen saturation 98%. Temperature 98.6F. Blood pressure normal. No focal deficits noted. HEENT normal. Cranial nerves intact. Gait normal. Reflexes 2+ symmetric.,57,74,lengthcontrol_real_complex_simple,simple,real_mt_padded,True,ovarian patient patient 1-1/2 blood sugar patient patient,8
fvc fev1/fvc mvv lung rv/tlc alveolar oxygen pulmonary pulmonary oxygen No seizures. No syncope. No confusion. No chest pain. No photophobia. No nausea. No focal deficits. No night sweats. No weight loss. No neck stiffness. Blood pressure 120/80. Oxygen saturation 98%. Temperature normal. Blood pressure normal. No focal deficits noted. Vital signs stable. Skin exam normal. Cardiovascular exam normal. Reflexes 2+ symmetric.,62,80,lengthcontrol_real_complex_simple,simple,real_mt_padded,True,fvc fev1/fvc mvv lung rv/tlc alveolar oxygen pulmonary pulmonary oxygen,10
patient oral patient patient patient No weight loss. No nausea. No weakness. No trauma. No bleeding. No night sweats. No recent illness. No confusion. No focal deficits. No chills. Temperature normal. Blood pressure normal. Respiratory rate 16. Blood pressure 120/80. Oxygen saturation 98%. Motor strength 5/5 throughout. Lungs clear bilaterally. Skin exam normal. Vital signs stable. Gait normal.,58,75,lengthcontrol_real_complex_simple,simple,real_mt_padded,True,patient oral patient patient patient,5
skull skull skull cranial suture No focal deficits. No night sweats. No photophobia. No chills. No trauma. No neck stiffness. No palpitations. No chest pain. No vision changes. No bleeding. Temperature 98.6F. Blood pressure 120/80. Heart rate normal. Oxygen saturation 98%. Heart rate 72. Respiratory exam normal. Lungs clear bilaterally. Sensory exam intact. Motor strength 5/5 throughout. Abdominal exam normal.,60,78,lengthcontrol_real_complex_simple,simple,real_mt_padded,True,skull skull skull cranial suture,5
bladder patient patient urethral meatus bladder tumor bladder patient estrace No chest pain. No night sweats. No dyspnea. No nausea. No recent illness. No bleeding. No weight loss. No chills. No vomiting. No seizures. Oxygen saturation 98%. Blood pressure normal. Blood pressure 120/80. Heart rate normal. Skin exam normal. Lungs clear bilaterally. HEENT normal. Motor strength 5/5 throughout. Cranial nerves intact.,61,79,lengthcontrol_real_complex_simple,simple,real_mt_padded,True,bladder patient patient urethral meatus bladder tumor bladder patient estrace,10
 No fever. No trauma. No confusion. No nausea. No seizures. No palpitations. No bleeding. No vision changes. No photophobia. No chills. Heart rate 72. Oxygen saturation 98%. Blood pressure 120/80. Temperature normal. Heart rate normal. Lungs clear bilaterally. HEENT normal. Gait normal. Sensory exam intact. Cranial nerves intact. Abdominal exam normal. Vital signs stable.,54,70,lengthcontrol_real_complex_simple,simple,real_mt_padded,True,,0
ovarian ovarian patient abdomen abdomen ovarian patient No nausea. No night sweats. No photophobia. No fever. No confusion. No syncope. No palpitations. No seizures. No trauma. No vomiting. Temperature 98.6F. Heart rate normal. Blood pressure normal. Respiratory rate 16. Blood pressure 120/80. Abdominal exam normal. Cardiovascular exam normal. Sensory exam intact. Respiratory exam normal. No focal deficits noted. Skin exam normal.,61,79,lengthcontrol_real_complex_simple,simple,real_mt_padded,True,ovarian ovarian patient abdomen abdomen ovarian patient,7
"fiberoptic bronchoscopy lidocaine 2 phenergan p.o 1 procedure.,2 No photophobia. No vision changes. No dyspnea. No weakness. No nausea. No night sweats. No chest pain. No confusion. No trauma. No fever. Heart rate normal. Heart rate 72. Blood pressure 120/80. Temperature 98.6F. Respiratory rate 16. No focal deficits noted. Extremities exam normal. Vital signs stable. Reflexes 2+ symmetric. Abdominal exam normal.",61,79,lengthcontrol_real_complex_simple,simple,real_mt_padded,True,"fiberoptic bronchoscopy lidocaine 2 phenergan p.o 1 procedure.,2",8
"heart heart heart minute.,640 ventricular No syncope. No seizures. No weight loss. No chest pain. No dyspnea. No bleeding. No nausea. No vision changes. No chills. No neck stiffness. Heart rate normal. Blood pressure 120/80. Oxygen saturation 98%. Temperature 98.6F. Heart rate 72. Gait normal. Neurological exam normal. HEENT normal. Abdominal exam normal. Cardiovascular exam normal.",56,72,lengthcontrol_real_complex_simple,simple,real_mt_padded,True,"heart heart heart minute.,640 ventricular",5
 No dyspnea. No weakness. No recent illness. No vision changes. No chest pain. No fever. No syncope. No trauma. No neck stiffness. No weight loss. Blood pressure normal. Heart rate normal. Temperature 98.6F. Blood pressure 120/80. Heart rate 72. Neurological exam normal. Cardiovascular exam normal. Skin exam normal. Cranial nerves intact. Motor strength 5/5 throughout. Reflexes 2+ symmetric.,58,75,lengthcontrol_real_complex_simple,simple,real_mt_padded,True,,0
patient tumor patient patient No focal deficits. No palpitations. No vomiting. No trauma. No nausea. No confusion. No night sweats. No fever. No chills. No chest pain. Blood pressure normal. Heart rate normal. Respiratory rate 16. Blood pressure 120/80. Temperature 98.6F. Skin exam normal. Lungs clear bilaterally. No focal deficits noted. Neurological exam normal. Motor strength 5/5 throughout. Respiratory exam normal.,61,79,lengthcontrol_real_complex_simple,simple,real_mt_padded,True,patient tumor patient patient,4
kidney caliceal system bladder intravenous urogram No neck stiffness. No focal deficits. No confusion. No dyspnea. No photophobia. No nausea. No weakness. No palpitations. No recent illness. No weight loss. Temperature 98.6F. Blood pressure 120/80. Heart rate 72. Respiratory rate 16. Temperature normal. Skin exam normal. Abdominal exam normal. Cranial nerves intact. Neurological exam normal. Extremities exam normal.,58,75,lengthcontrol_real_complex_simple,simple,real_mt_padded,True,kidney caliceal system bladder intravenous urogram,6
patient patient woman macular eye patient No night sweats. No weight loss. No seizures. No bleeding. No syncope. No fever. No nausea. No weakness. No trauma. No focal deficits. Blood pressure normal. Heart rate normal. Oxygen saturation 98%. Respiratory rate 16. Temperature 98.6F. Cranial nerves intact. Extremities exam normal. Skin exam normal. Reflexes 2+ symmetric. Sensory exam intact.,58,75,lengthcontrol_real_complex_simple,simple,real_mt_padded,True,patient patient woman macular eye patient,6
patient No weakness. No chills. No vision changes. No bleeding. No seizures. No confusion. No nausea. No focal deficits. No syncope. No recent illness. Temperature normal. Oxygen saturation 98%. Heart rate 72. Temperature 98.6F. Respiratory rate 16. Abdominal exam normal. HEENT normal. No focal deficits noted. Skin exam normal. Extremities exam normal. Neurological exam normal. Respiratory exam normal.,58,75,lengthcontrol_real_complex_simple,simple,real_mt_padded,True,patient,1
airway oxygen right ventricular pulmonary patient tonsillar No neck stiffness. No photophobia. No confusion. No trauma. No syncope. No chest pain. No vomiting. No weight loss. No weakness. No fever. Heart rate normal. Blood pressure normal. Respiratory rate 16. Heart rate 72. Temperature 98.6F. Respiratory exam normal. Abdominal exam normal. Reflexes 2+ symmetric. Cardiovascular exam normal. Skin exam normal.,59,76,lengthcontrol_real_complex_simple,simple,real_mt_padded,True,airway oxygen right ventricular pulmonary patient tonsillar,7
venous venous posterior tibial vein venous No dyspnea. No nausea. No syncope. No seizures. No recent illness. No night sweats. No photophobia. No chest pain. No bleeding. No palpitations. Blood pressure 120/80. Heart rate normal. Temperature 98.6F. Oxygen saturation 98%. Temperature normal. Neurological exam normal. No focal deficits noted. Respiratory exam normal. Reflexes 2+ symmetric. Gait normal. Extremities exam normal.,60,78,lengthcontrol_real_complex_simple,simple,real_mt_padded,True,venous venous posterior tibial vein venous,6
kidney kidney creatinine 04/04/06 chest blood patient kidney No confusion. No fever. No dyspnea. No vision changes. No palpitations. No neck stiffness. No trauma. No syncope. No weakness. No vomiting. Respiratory rate 16. Temperature normal. Temperature 98.6F. Heart rate normal. Oxygen saturation 98%. No focal deficits noted. Reflexes 2+ symmetric. Sensory exam intact. Gait normal. Motor strength 5/5 throughout.,59,76,lengthcontrol_real_complex_simple,simple,real_mt_padded,True,kidney kidney creatinine 04/04/06 chest blood patient kidney,8
 No weakness. No chest pain. No trauma. No seizures. No vomiting. No recent illness. No bleeding. No fever. No dyspnea. No nausea. Blood pressure normal. Temperature 98.6F. Heart rate normal. Respiratory rate 16. Heart rate 72. Motor strength 5/5 throughout. Cranial nerves intact. Extremities exam normal. HEENT normal. Neurological exam normal. Gait normal. Sensory exam intact.,56,72,lengthcontrol_real_complex_simple,simple,real_mt_padded,True,,0
 No vision changes. No nausea. No chills. No fever. No vomiting. No trauma. No palpitations. No confusion. No recent illness. No focal deficits. Temperature 98.6F. Blood pressure normal. Heart rate 72. Oxygen saturation 98%. Heart rate normal. Motor strength 5/5 throughout. Cardiovascular exam normal. Extremities exam normal. Lungs clear bilaterally. Skin exam normal. Cranial nerves intact. Respiratory exam normal.,59,76,lengthcontrol_real_complex_simple,simple,real_mt_padded,True,,0
 No dyspnea. No confusion. No neck stiffness. No palpitations. No recent illness. No trauma. No chest pain. No chills. No vomiting. No weight loss. Heart rate normal. Respiratory rate 16. Blood pressure 120/80. Heart rate 72. Oxygen saturation 98%. Abdominal exam normal. No focal deficits noted. Gait normal. Neurological exam normal. Sensory exam intact. HEENT normal.,56,72,lengthcontrol_real_complex_simple,simple,real_mt_padded,True,,0
rhm 11/5/96 calf foot cbc tsh ft4 l-spine No photophobia. No confusion. No chest pain. No vision changes. No bleeding. No weight loss. No fever. No weakness. No focal deficits. No syncope. Blood pressure normal. Oxygen saturation 98%. Respiratory rate 16. Heart rate normal. Temperature normal. Sensory exam intact. Neurological exam normal. Extremities exam normal. No focal deficits noted. Cranial nerves intact.,62,80,lengthcontrol_real_complex_simple,simple,real_mt_padded,True,rhm 11/5/96 calf foot cbc tsh ft4 l-spine,8
patient patient auditory patient patient patient patient patient No recent illness. No confusion. No chills. No nausea. No weakness. No neck stiffness. No fever. No vomiting. No seizures. No palpitations. Temperature 98.6F. Temperature normal. Blood pressure normal. Heart rate 72. Respiratory rate 16. Skin exam normal. Sensory exam intact. Cardiovascular exam normal. HEENT normal. Lungs clear bilaterally.,57,74,lengthcontrol_real_complex_simple,simple,real_mt_padded,True,patient patient auditory patient patient patient patient patient,8
chemoradiotherapy patients patient cancer tumor cell patient patient No palpitations. No confusion. No seizures. No neck stiffness. No focal deficits. No weight loss. No weakness. No nausea. No dyspnea. No photophobia. Temperature normal. Oxygen saturation 98%. Blood pressure 120/80. Temperature 98.6F. Blood pressure normal. Cranial nerves intact. Cardiovascular exam normal. Respiratory exam normal. Skin exam normal. Motor strength 5/5 throughout.,60,78,lengthcontrol_real_complex_simple,simple,real_mt_padded,True,chemoradiotherapy patients patient cancer tumor cell patient patient,8
recipient kidney kidney kidney/liver No focal deficits. No seizures. No palpitations. No neck stiffness. No photophobia. No chest pain. No recent illness. No weight loss. No dyspnea. No nausea. Heart rate 72. Oxygen saturation 98%. Blood pressure 120/80. Temperature normal. Temperature 98.6F. Vital signs stable. Abdominal exam normal. Respiratory exam normal. Motor strength 5/5 throughout. HEENT normal. Cardiovascular exam normal.,60,78,lengthcontrol_real_complex_simple,simple,real_mt_padded,True,recipient kidney kidney kidney/liver,4
patient patient sweat pin erythema bacitracin patient tibial nerve patient No syncope. No neck stiffness. No seizures. No focal deficits. No vomiting. No chills. No fever. No weakness. No night sweats. No confusion. Blood pressure 120/80. Heart rate normal. Blood pressure normal. Respiratory rate 16. Heart rate 72. Skin exam normal. Neurological exam normal. Gait normal. Reflexes 2+ symmetric.,59,76,lengthcontrol_real_complex_simple,simple,real_mt_padded,True,patient patient sweat pin erythema bacitracin patient tibial nerve patient,10
skin saline circular patient blood intravenous fluid 100 tissue patient No weight loss. No chills. No fever. No syncope. No night sweats. No confusion. No palpitations. No photophobia. No recent illness. No dyspnea. Respiratory rate 16. Heart rate 72. Blood pressure normal. Oxygen saturation 98%. Temperature 98.6F. HEENT normal. Gait normal. Sensory exam intact. Reflexes 2+ symmetric.,57,74,lengthcontrol_real_complex_simple,simple,real_mt_padded,True,skin saline circular patient blood intravenous fluid 100 tissue patient,10
patient patient auditory patient patient patient patient patient No palpitations. No confusion. No weakness. No bleeding. No focal deficits. No dyspnea. No trauma. No chills. No neck stiffness. No night sweats. Oxygen saturation 98%. Temperature normal. Heart rate normal. Heart rate 72. Temperature 98.6F. Gait normal. Abdominal exam normal. HEENT normal. Sensory exam intact. No focal deficits noted.,58,75,lengthcontrol_real_complex_simple,simple,real_mt_padded,True,patient patient auditory patient patient patient patient patient,8
 No focal deficits. No vomiting. No weakness. No palpitations. No fever. No photophobia. No recent illness. No vision changes. No nausea. No chest pain. Respiratory rate 16. Heart rate 72. Blood pressure normal. Temperature 98.6F. Heart rate normal. No focal deficits noted. HEENT normal. Reflexes 2+ symmetric. Skin exam normal. Cranial nerves intact. Cardiovascular exam normal. Abdominal exam normal.,59,76,lengthcontrol_real_complex_simple,simple,real_mt_padded,True,,0
fluorescein macular edema No palpitations. No dyspnea. No syncope. No nausea. No focal deficits. No bleeding. No night sweats. No chest pain. No weakness. No confusion. Temperature normal. Respiratory rate 16. Temperature 98.6F. Oxygen saturation 98%. Blood pressure 120/80. HEENT normal. No focal deficits noted. Gait normal. Neurological exam normal. Cranial nerves intact. Extremities exam normal.,56,72,lengthcontrol_real_complex_simple,simple,real_mt_padded,True,fluorescein macular edema,3
beta muscle muscle right frontal head awake/alert/drowsy right frontal No nausea. No photophobia. No dyspnea. No bleeding. No palpitations. No seizures. No vomiting. No weight loss. No weakness. No confusion. Oxygen saturation 98%. Temperature 98.6F. Temperature normal. Blood pressure normal. Heart rate 72. Sensory exam intact. HEENT normal. Cranial nerves intact. Extremities exam normal. Reflexes 2+ symmetric.,57,74,lengthcontrol_real_complex_simple,simple,real_mt_padded,True,beta muscle muscle right frontal head awake/alert/drowsy right frontal,9
carpal superficial aponeurosis antebrachial fascia wound marcaine epinephrine wound patient No fever. No recent illness. No vomiting. No syncope. No trauma. No neck stiffness. No palpitations. No nausea. No weight loss. No chest pain. Blood pressure 120/80. Respiratory rate 16. Heart rate 72. Blood pressure normal. Cardiovascular exam normal. HEENT normal. Abdominal exam normal. Neurological exam normal. Reflexes 2+ symmetric.,60,78,lengthcontrol_real_complex_simple,simple,real_mt_padded,True,carpal superficial aponeurosis antebrachial fascia wound marcaine epinephrine wound patient,10
abc abc mm/dd/yyyy mandibular left tooth root-canaled tooth abc No chest pain. No night sweats. No nausea. No recent illness. No confusion. No trauma. No bleeding. No vision changes. No weakness. No vomiting. Heart rate normal. Blood pressure normal. Blood pressure 120/80. Temperature normal. Oxygen saturation 98%. Respiratory exam normal. Cranial nerves intact. Neurological exam normal. Cardiovascular exam normal.,59,76,lengthcontrol_real_complex_simple,simple,real_mt_padded,True,abc abc mm/dd/yyyy mandibular left tooth root-canaled tooth abc,9
patient tumor patient patient No neck stiffness. No weight loss. No focal deficits. No syncope. No trauma. No seizures. No chest pain. No confusion. No fever. No bleeding. Temperature 98.6F. Respiratory rate 16. Blood pressure 120/80. Heart rate 72. Heart rate normal. Neurological exam normal. Gait normal. No focal deficits noted. Lungs clear bilaterally. HEENT normal. Extremities exam normal.,59,76,lengthcontrol_real_complex_simple,simple,real_mt_padded,True,patient tumor patient patient,4
airway oxygen right ventricular pulmonary patient tonsillar No chest pain. No chills. No weakness. No dyspnea. No photophobia. No vision changes. No syncope. No nausea. No fever. No night sweats. Blood pressure 120/80. Oxygen saturation 98%. Blood pressure normal. Heart rate 72. Respiratory rate 16. Extremities exam normal. Gait normal. Respiratory exam normal. Reflexes 2+ symmetric. Cardiovascular exam normal.,59,76,lengthcontrol_real_complex_simple,simple,real_mt_padded,True,airway oxygen right ventricular pulmonary patient tonsillar,7
 No palpitations. No syncope. No bleeding. No nausea. No vomiting. No focal deficits. No dyspnea. No fever. No chills. No photophobia. Blood pressure normal. Respiratory rate 16. Temperature 98.6F. Heart rate 72. Oxygen saturation 98%. Abdominal exam normal. Reflexes 2+ symmetric. Neurological exam normal. Respiratory exam normal. Motor strength 5/5 throughout. Sensory exam intact. Lungs clear bilaterally.,57,74,lengthcontrol_real_complex_simple,simple,real_mt_padded,True,,0
biliary colic No trauma. No chills. No bleeding. No focal deficits. No photophobia. No chest pain. No seizures. No weakness. No vision changes. No recent illness. Respiratory rate 16. Temperature normal. Heart rate normal. Blood pressure 120/80. Heart rate 72. Cranial nerves intact. Reflexes 2+ symmetric. Sensory exam intact. Neurological exam normal. Motor strength 5/5 throughout. Vital signs stable.,59,76,lengthcontrol_real_complex_simple,simple,real_mt_padded,True,biliary colic,2
bone paranasal sinus cell orbit extra-ocular muscle soft tissue No chest pain. No vision changes. No weakness. No dyspnea. No palpitations. No confusion. No night sweats. No neck stiffness. No nausea. No weight loss. Heart rate 72. Blood pressure 120/80. Oxygen saturation 98%. Heart rate normal. Abdominal exam normal. Respiratory exam normal. Vital signs stable. No focal deficits noted. Skin exam normal.,62,80,lengthcontrol_real_complex_simple,simple,real_mt_padded,True,bone paranasal sinus cell orbit extra-ocular muscle soft tissue,9
patient endotracheal patient eye eye limbus muscle retinal periphery No focal deficits. No chills. No recent illness. No palpitations. No photophobia. No chest pain. No bleeding. No fever. No vision changes. No night sweats. Temperature 98.6F. Temperature normal. Blood pressure 120/80. Heart rate normal. Blood pressure normal. Motor strength 5/5 throughout. Respiratory exam normal. No focal deficits noted. Cardiovascular exam normal.,61,79,lengthcontrol_real_complex_simple,simple,real_mt_padded,True,patient endotracheal patient eye eye limbus muscle retinal periphery,9
circumstraint penis scrotum povidone iodine lidocaine glans penis foreskin No photophobia. No vision changes. No dyspnea. No nausea. No chills. No chest pain. No bleeding. No syncope. No vomiting. No trauma. Respiratory rate 16. Blood pressure 120/80. Temperature normal. Heart rate normal. Blood pressure normal. Sensory exam intact. Lungs clear bilaterally. Vital signs stable. Abdominal exam normal. Reflexes 2+ symmetric.,60,78,lengthcontrol_real_complex_simple,simple,real_mt_padded,True,circumstraint penis scrotum povidone iodine lidocaine glans penis foreskin,9
loculated left No confusion. No vomiting. No trauma. No weakness. No photophobia. No nausea. No weight loss. No recent illness. No night sweats. No chest pain. Oxygen saturation 98%. Heart rate 72. Temperature 98.6F. Heart rate normal. Blood pressure normal. Gait normal. Neurological exam normal. No focal deficits noted. Vital signs stable. Extremities exam normal. Skin exam normal.,58,75,lengthcontrol_real_complex_simple,simple,real_mt_padded,True,loculated left,2
rhm 11/5/96 calf foot cbc tsh ft4 l-spine No night sweats. No focal deficits. No nausea. No recent illness. No photophobia. No weight loss. No syncope. No neck stiffness. No confusion. No trauma. Temperature normal. Heart rate normal. Oxygen saturation 98%. Heart rate 72. Temperature 98.6F. Cardiovascular exam normal. Abdominal exam normal. No focal deficits noted. Neurological exam normal. Sensory exam intact.,62,80,lengthcontrol_real_complex_simple,simple,real_mt_padded,True,rhm 11/5/96 calf foot cbc tsh ft4 l-spine,8
ultrasound-guided patient peritoneal serous fluid patient ultrasound-guided No vomiting. No weight loss. No focal deficits. No trauma. No fever. No palpitations. No syncope. No photophobia. No recent illness. No dyspnea. Temperature normal. Temperature 98.6F. Respiratory rate 16. Heart rate 72. Oxygen saturation 98%. Lungs clear bilaterally. HEENT normal. Vital signs stable. Motor strength 5/5 throughout. Reflexes 2+ symmetric.,58,75,lengthcontrol_real_complex_simple,simple,real_mt_padded,True,ultrasound-guided patient peritoneal serous fluid patient ultrasound-guided,7
 No palpitations. No weight loss. No vision changes. No neck stiffness. No recent illness. No syncope. No chest pain. No confusion. No weakness. No fever. Blood pressure normal. Blood pressure 120/80. Oxygen saturation 98%. Heart rate normal. Heart rate 72. Respiratory exam normal. No focal deficits noted. Motor strength 5/5 throughout. Vital signs stable. Skin exam normal. Neurological exam normal.,60,78,lengthcontrol_real_complex_simple,simple,real_mt_padded,True,,0
 No syncope. No chills. No neck stiffness. No vision changes. No nausea. No night sweats. No weight loss. No trauma. No confusion. No vomiting. Oxygen saturation 98%. Temperature normal. Temperature 98.6F. Heart rate normal. Heart rate 72. Cranial nerves intact. Extremities exam normal. Sensory exam intact. Lungs clear bilaterally. Respiratory exam normal. Motor strength 5/5 throughout. Reflexes 2+ symmetric.,59,76,lengthcontrol_real_complex_simple,simple,real_mt_padded,True,,0
intracranial midline intracranial extra-axial fluid cell brain No weakness. No trauma. No palpitations. No neck stiffness. No weight loss. No night sweats. No confusion. No vision changes. No chest pain. No focal deficits. Blood pressure normal. Blood pressure 120/80. Temperature normal. Respiratory rate 16. Temperature 98.6F. Neurological exam normal. Respiratory exam normal. Motor strength 5/5 throughout. HEENT normal. Skin exam normal.,61,79,lengthcontrol_real_complex_simple,simple,real_mt_padded,True,intracranial midline intracranial extra-axial fluid cell brain,7
tube patient anterior-inferior radial membrane tube floxin mucopurulent patient No seizures. No fever. No weakness. No night sweats. No nausea. No trauma. No vomiting. No focal deficits. No bleeding. No confusion. Temperature normal. Blood pressure normal. Blood pressure 120/80. Oxygen saturation 98%. Heart rate normal. Motor strength 5/5 throughout. Cardiovascular exam normal. Reflexes 2+ symmetric. Skin exam normal. Neurological exam normal.,61,79,lengthcontrol_real_complex_simple,simple,real_mt_padded,True,tube patient anterior-inferior radial membrane tube floxin mucopurulent patient,9
scalp patient 51-year-old anterior head eye muscle No neck stiffness. No recent illness. No fever. No palpitations. No weakness. No vomiting. No seizures. No focal deficits. No confusion. No bleeding. Blood pressure normal. Temperature 98.6F. Respiratory rate 16. Heart rate normal. Heart rate 72. Neurological exam normal. Respiratory exam normal. Cardiovascular exam normal. Sensory exam intact. Lungs clear bilaterally.,59,76,lengthcontrol_real_complex_simple,simple,real_mt_padded,True,scalp patient 51-year-old anterior head eye muscle,7
abdominal biopsy No weakness. No vomiting. No confusion. No syncope. No focal deficits. No photophobia. No bleeding. No fever. No night sweats. No seizures. Respiratory rate 16. Temperature normal. Temperature 98.6F. Heart rate normal. Blood pressure normal. HEENT normal. Neurological exam normal. Lungs clear bilaterally. Cardiovascular exam normal. Reflexes 2+ symmetric. Abdominal exam normal. Vital signs stable.,57,74,lengthcontrol_real_complex_simple,simple,real_mt_padded,True,abdominal biopsy,2
nasal mucosa airway bronchoalveolar lavage saline bronchus bronchoscopy No bleeding. No vision changes. No weakness. No nausea. No weight loss. No confusion. No recent illness. No night sweats. No trauma. No neck stiffness. Oxygen saturation 98%. Temperature 98.6F. Heart rate 72. Blood pressure 120/80. Respiratory rate 16. HEENT normal. Cranial nerves intact. Motor strength 5/5 throughout. Gait normal.,58,75,lengthcontrol_real_complex_simple,simple,real_mt_padded,True,nasal mucosa airway bronchoalveolar lavage saline bronchus bronchoscopy,8
ultrasound-guided patient peritoneal serous fluid patient ultrasound-guided No photophobia. No weight loss. No vomiting. No syncope. No recent illness. No dyspnea. No focal deficits. No nausea. No fever. No trauma. Blood pressure 120/80. Heart rate normal. Heart rate 72. Blood pressure normal. Oxygen saturation 98%. HEENT normal. Skin exam normal. Extremities exam normal. Reflexes 2+ symmetric. Gait normal.,58,75,lengthcontrol_real_complex_simple,simple,real_mt_padded,True,ultrasound-guided patient peritoneal serous fluid patient ultrasound-guided,7
patient children patient smooth oral bowel patient sulcus patient wound No nausea. No neck stiffness. No night sweats. No recent illness. No trauma. No fever. No vomiting. No vision changes. No weight loss. No focal deficits. Neurological exam normal. HEENT normal. No focal deficits noted. Extremities exam normal. Lungs clear bilaterally. Vital signs stable. Cranial nerves intact.,57,74,lengthcontrol_real_complex_simple,simple,real_mt_padded,True,patient children patient smooth oral bowel patient sulcus patient wound,10
patient patient submandibular purulence abscess peroxide saline patient No fever. No confusion. No palpitations. No dyspnea. No seizures. No trauma. No bleeding. No vision changes. No photophobia. No nausea. Blood pressure normal. Heart rate 72. Heart rate normal. Temperature 98.6F. Oxygen saturation 98%. Cranial nerves intact. Cardiovascular exam normal. Vital signs stable. Sensory exam intact. Gait normal.,57,74,lengthcontrol_real_complex_simple,simple,real_mt_padded,True,patient patient submandibular purulence abscess peroxide saline patient,8
patient 03/11/2008 3rd ventricular patient subdural patient head No recent illness. No weight loss. No chills. No seizures. No palpitations. No syncope. No night sweats. No neck stiffness. No trauma. No fever. Oxygen saturation 98%. Respiratory rate 16. Heart rate 72. Heart rate normal. Blood pressure normal. Reflexes 2+ symmetric. No focal deficits noted. Motor strength 5/5 throughout. Respiratory exam normal.,61,79,lengthcontrol_real_complex_simple,simple,real_mt_padded,True,patient 03/11/2008 3rd ventricular patient subdural patient head,8
patient heart heart blood chest wall No photophobia. No trauma. No dyspnea. No chest pain. No seizures. No night sweats. No recent illness. No weight loss. No confusion. No chills. Blood pressure normal. Respiratory rate 16. Temperature 98.6F. Heart rate 72. Blood pressure 120/80. Extremities exam normal. Sensory exam intact. Respiratory exam normal. Vital signs stable. Abdominal exam normal.,59,76,lengthcontrol_real_complex_simple,simple,real_mt_padded,True,patient heart heart blood chest wall,6
 No fever. No seizures. No focal deficits. No chest pain. No weight loss. No nausea. No recent illness. No vomiting. No vision changes. No dyspnea. Oxygen saturation 98%. Temperature normal. Blood pressure normal. Blood pressure 120/80. Heart rate 72. Sensory exam intact. HEENT normal. No focal deficits noted. Skin exam normal. Extremities exam normal. Cardiovascular exam normal.,57,74,lengthcontrol_real_complex_simple,simple,real_mt_padded,True,,0
 No confusion. No weight loss. No vision changes. No chest pain. No trauma. No focal deficits. No syncope. No recent illness. No chills. No palpitations. Temperature 98.6F. Oxygen saturation 98%. Heart rate 72. Respiratory rate 16. Temperature normal. Cardiovascular exam normal. Cranial nerves intact. Vital signs stable. Neurological exam normal. No focal deficits noted. Respiratory exam normal. Sensory exam intact.,60,78,lengthcontrol_real_complex_simple,simple,real_mt_padded,True,,0
"taste fibromyalgia.,3 gastritis gastroesophageal disease.,4 patient patient No trauma. No focal deficits. No seizures. No recent illness. No vision changes. No syncope. No chills. No vomiting. No nausea. No confusion. Temperature 98.6F. Heart rate normal. Temperature normal. Blood pressure 120/80. Oxygen saturation 98%. Cardiovascular exam normal. Sensory exam intact. Gait normal. Lungs clear bilaterally. Neurological exam normal.",57,74,lengthcontrol_real_complex_simple,simple,real_mt_padded,True,"taste fibromyalgia.,3 gastritis gastroesophageal disease.,4 patient patient",7
patient synvisc vas patient patient sputum chest No focal deficits. No chest pain. No nausea. No neck stiffness. No dyspnea. No chills. No fever. No confusion. No weakness. No seizures. Temperature 98.6F. Heart rate 72. Blood pressure normal. Respiratory rate 16. Oxygen saturation 98%. Reflexes 2+ symmetric. Extremities exam normal. Cardiovascular exam normal. Gait normal. Motor strength 5/5 throughout.,59,76,lengthcontrol_real_complex_simple,simple,real_mt_padded,True,patient synvisc vas patient patient sputum chest,7
patient gentleman muscle leg stomach cd4 insulin alcohol tobacco blood No recent illness. No chest pain. No weight loss. No confusion. No dyspnea. No weakness. No neck stiffness. No palpitations. No syncope. No nausea. Temperature 98.6F. Blood pressure normal. Blood pressure 120/80. Oxygen saturation 98%. Respiratory rate 16. HEENT normal. No focal deficits noted. Sensory exam intact. Vital signs stable.,60,78,lengthcontrol_real_complex_simple,simple,real_mt_padded,True,patient gentleman muscle leg stomach cd4 insulin alcohol tobacco blood,10
patient gentleman muscle leg stomach cd4 insulin alcohol tobacco blood No confusion. No vision changes. No weight loss. No vomiting. No seizures. No nausea. No recent illness. No chest pain. No fever. No focal deficits. Blood pressure normal. Temperature 98.6F. Heart rate 72. Blood pressure 120/80. Cranial nerves intact. Vital signs stable. Abdominal exam normal. Respiratory exam normal. Gait normal.,60,78,lengthcontrol_real_complex_simple,simple,real_mt_padded,True,patient gentleman muscle leg stomach cd4 insulin alcohol tobacco blood,10
patient patient patient soft tissue spine myofascial spine spine patient No nausea. No chest pain. No night sweats. No vomiting. No trauma. No seizures. No bleeding. No weight loss. No neck stiffness. No palpitations. Temperature 98.6F. Respiratory rate 16. Heart rate normal. Blood pressure normal. Temperature normal. Motor strength 5/5 throughout. Skin exam normal. Neurological exam normal. Cranial nerves intact.,60,78,lengthcontrol_real_complex_simple,simple,real_mt_padded,True,patient patient patient soft tissue spine myofascial spine spine patient,10
abdominal biopsy No neck stiffness. No weight loss. No confusion. No syncope. No nausea. No dyspnea. No palpitations. No trauma. No weakness. No focal deficits. Blood pressure normal. Temperature 98.6F. Blood pressure 120/80. Temperature normal. Heart rate normal. Cardiovascular exam normal. Skin exam normal. Lungs clear bilaterally. Gait normal. Neurological exam normal. Motor strength 5/5 throughout. Reflexes 2+ symmetric.,59,76,lengthcontrol_real_complex_simple,simple,real_mt_padded,True,abdominal biopsy,2
"50-pack fvc fev1/fvc lung lung lung volume.,3 No vision changes. No seizures. No trauma. No palpitations. No confusion. No chills. No bleeding. No nausea. No photophobia. No fever. Blood pressure normal. Heart rate 72. Heart rate normal. Respiratory rate 16. Temperature 98.6F. Reflexes 2+ symmetric. Abdominal exam normal. HEENT normal. Respiratory exam normal. Neurological exam normal. Vital signs stable.",59,76,lengthcontrol_real_complex_simple,simple,real_mt_padded,True,"50-pack fvc fev1/fvc lung lung lung volume.,3",7
patient patient patient soft tissue spine myofascial spine spine patient No dyspnea. No neck stiffness. No photophobia. No seizures. No weakness. No trauma. No confusion. No syncope. No bleeding. No fever. Oxygen saturation 98%. Heart rate normal. Blood pressure normal. Temperature normal. Respiratory rate 16. Respiratory exam normal. Neurological exam normal. Vital signs stable. Lungs clear bilaterally. Cardiovascular exam normal.,60,78,lengthcontrol_real_complex_simple,simple,real_mt_padded,True,patient patient patient soft tissue spine myofascial spine spine patient,10
bender-gestalt patient patient No chills. No nausea. No seizures. No vomiting. No recent illness. No dyspnea. No bleeding. No weight loss. No syncope. No vision changes. Oxygen saturation 98%. Blood pressure 120/80. Blood pressure normal. Temperature normal. Respiratory rate 16. Cardiovascular exam normal. Extremities exam normal. Skin exam normal. HEENT normal. Lungs clear bilaterally. Cranial nerves intact.,57,74,lengthcontrol_real_complex_simple,simple,real_mt_padded,True,bender-gestalt patient patient,3
skull skull skull cranial suture No fever. No night sweats. No syncope. No photophobia. No neck stiffness. No vomiting. No palpitations. No weakness. No chills. No trauma. Temperature 98.6F. Heart rate normal. Blood pressure normal. Blood pressure 120/80. Oxygen saturation 98%. Reflexes 2+ symmetric. Extremities exam normal. No focal deficits noted. Motor strength 5/5 throughout. Skin exam normal. Sensory exam intact.,61,79,lengthcontrol_real_complex_simple,simple,real_mt_padded,True,skull skull skull cranial suture,5
betadine xylocaine epinephrine small midline lateral midline dura bloody skin No weight loss. No photophobia. No fever. No dyspnea. No palpitations. No night sweats. No vision changes. No recent illness. No chills. No vomiting. Temperature normal. Temperature 98.6F. Blood pressure 120/80. Respiratory rate 16. Blood pressure normal. Motor strength 5/5 throughout. Sensory exam intact. Lungs clear bilaterally. HEENT normal.,59,76,lengthcontrol_real_complex_simple,simple,real_mt_padded,True,betadine xylocaine epinephrine small midline lateral midline dura bloody skin,10
patient granulation tissue border medial man ingrown nail No recent illness. No weakness. No vomiting. No syncope. No confusion. No nausea. No photophobia. No dyspnea. No palpitations. No focal deficits. Blood pressure 120/80. Respiratory rate 16. Temperature normal. Heart rate normal. Heart rate 72. HEENT normal. Reflexes 2+ symmetric. Cardiovascular exam normal. Sensory exam intact. Abdominal exam normal.,58,75,lengthcontrol_real_complex_simple,simple,real_mt_padded,True,patient granulation tissue border medial man ingrown nail,8
alpha alpha eye patient patient No vision changes. No nausea. No neck stiffness. No dyspnea. No focal deficits. No night sweats. No confusion. No weakness. No syncope. No weight loss. Blood pressure 120/80. Heart rate normal. Blood pressure normal. Oxygen saturation 98%. Respiratory rate 16. Neurological exam normal. Skin exam normal. Cardiovascular exam normal. No focal deficits noted. Sensory exam intact.,61,79,lengthcontrol_real_complex_simple,simple,real_mt_padded,True,alpha alpha eye patient patient,5
brain cervical patient 12/11/06 neuromuscular patient patient No neck stiffness. No recent illness. No vomiting. No photophobia. No focal deficits. No dyspnea. No weakness. No night sweats. No confusion. No bleeding. Oxygen saturation 98%. Respiratory rate 16. Blood pressure normal. Heart rate normal. Temperature normal. Vital signs stable. Cardiovascular exam normal. Abdominal exam normal. Skin exam normal. HEENT normal.,59,76,lengthcontrol_real_complex_simple,simple,real_mt_padded,True,brain cervical patient 12/11/06 neuromuscular patient patient,7
sesamoid bone left foot '' bony tissue marrow tissue No recent illness. No dyspnea. No fever. No neck stiffness. No vision changes. No chest pain. No vomiting. No trauma. No syncope. No weight loss. Oxygen saturation 98%. Temperature 98.6F. Blood pressure 120/80. Heart rate normal. Temperature normal. Abdominal exam normal. Lungs clear bilaterally. Cranial nerves intact. Gait normal.,58,75,lengthcontrol_real_complex_simple,simple,real_mt_padded,True,sesamoid bone left foot '' bony tissue marrow tissue,9
hand zoloft 300.03 tablet tablet one-half a.m. ocd tablet No vomiting. No weight loss. No weakness. No chills. No syncope. No dyspnea. No palpitations. No confusion. No photophobia. No bleeding. Heart rate 72. Temperature normal. Respiratory rate 16. Heart rate normal. Blood pressure normal. Gait normal. Cranial nerves intact. No focal deficits noted. Motor strength 5/5 throughout. Extremities exam normal.,60,78,lengthcontrol_real_complex_simple,simple,real_mt_padded,True,hand zoloft 300.03 tablet tablet one-half a.m. ocd tablet,9
